Date,Close,Volume,Return
2020-08-21,111.24356842041016,807716,
2020-08-24,116.76842498779297,56263,0.04966450326821015
2020-08-25,122.59191131591797,45326,0.049872097947144534
2020-08-26,123.43805694580078,3240477,0.006902132618703538
2020-08-27,117.26615905761719,771809,-0.049999959825141715
2020-08-28,111.44266510009766,820058,-0.049660481799000844
2020-08-31,105.91781616210938,519749,-0.04957570723049265
2020-09-01,105.22099304199219,803353,-0.006578903770548705
2020-09-02,105.96759033203125,181669,0.00709551647874207
2020-09-03,111.24356842041016,849547,0.04978860113594674
2020-09-04,114.72771453857422,1513362,0.031319978023329975
2020-09-07,112.8363265991211,740174,-0.01648588527244821
2020-09-08,109.50150299072266,845613,-0.029554521215904406
2020-09-09,110.9449234008789,798343,0.013181740622122184
2020-09-10,111.19380187988281,731283,0.0022432615335146178
2020-09-11,130.953857421875,11027186,0.17770824639432692
2020-09-14,120.35211181640625,3503925,-0.0809578718350743
2020-09-15,118.21184539794922,1262738,-0.01778337235761973
2020-09-16,120.15300750732422,749709,0.016421045647669663
2020-09-17,117.16661071777344,616594,-0.02485494829889079
2020-09-18,116.32046508789062,1105400,-0.00722173001932247
2020-09-21,110.39743041992188,1758904,-0.05091997064741238
2020-09-22,108.55581665039062,574753,-0.016681672413264015
2020-09-23,110.44719696044922,1230845,0.01742311345830383
2020-09-24,108.25717163085938,388647,-0.019828709010823342
2020-09-25,109.40196228027344,473902,0.010574732668221065
2020-09-28,116.0218276977539,5291935,0.060509567465721004
2020-09-29,112.93586730957031,1304995,-0.026598101834964805
2020-09-30,114.82725524902344,1287726,0.01674745131472366
2020-10-01,115.37477111816406,1655056,0.004768169960635449
2020-10-05,113.48338317871094,319039,-0.016393427446248277
2020-10-06,115.02635955810547,440115,0.013596496122826096
2020-10-07,113.78202819824219,407920,-0.01081779310971509
2020-10-08,112.13949584960938,550754,-0.014435780189917424
2020-10-09,110.19833374023438,545283,-0.017310244661508878
2020-10-12,108.05807495117188,415407,-0.019421879772770767
2020-10-13,112.13949584960938,547097,0.03777062380837126
2020-10-14,109.45172882080078,305686,-0.023968067703935114
2020-10-15,106.66442108154297,479087,-0.025466091484231512
2020-10-16,107.61011505126953,170235,0.00886606761783848
2020-10-19,108.10784912109375,216811,0.00462534650750146
2020-10-20,106.46532440185547,156582,-0.015193390050693312
2020-10-21,105.7187271118164,157747,-0.007012586438200463
2020-10-22,105.17122650146484,265310,-0.0051788422478118434
2020-10-23,104.82279968261719,244630,-0.003312948136463989
2020-10-26,104.72325897216797,240894,-0.0009496093478766898
2020-10-27,105.56940460205078,294750,0.008079825228774595
2020-10-28,104.07621002197266,152173,-0.014144198176609946
2020-10-29,103.18028259277344,173696,-0.00860837869682296
2020-10-30,106.06714630126953,383823,0.027978831187057462
2020-11-02,106.66442108154297,171594,0.005631100685757673
2020-11-03,107.31148529052734,123402,0.0060663546703141336
2020-11-04,112.68699645996094,755686,0.05009259870814686
2020-11-05,114.0308837890625,1087721,0.011925842123044372
2020-11-06,113.98110961914062,239902,-0.0004364972739661077
2020-11-09,119.45619201660156,1570566,0.04803499821817425
2020-11-10,114.72771453857422,442920,-0.03958336021099851
2020-11-11,120.65074157714844,1567207,0.05162681974792371
2020-11-12,117.61457061767578,568369,-0.02516495895328763
2020-11-13,121.64620971679688,987877,0.03427839831364565
2020-11-14,121.69599151611328,188082,0.00040923428220485114
2020-11-17,121.14848327636719,650720,-0.0044989833512601995
2020-11-18,119.40641021728516,272337,-0.014379652241357177
2020-11-19,120.50143432617188,828513,0.009170563849077107
2020-11-20,123.33851623535156,526946,0.023543967962242673
2020-11-23,125.72764587402344,740615,0.019370507377541202
2020-11-24,125.08058166503906,464979,-0.005146554717430418
2020-11-25,123.78646850585938,341364,-0.010346235538345017
2020-11-26,123.53759765625,183023,-0.0020104850927029627
2020-11-27,126.4742431640625,292046,0.023771269342503176
2020-12-01,126.8226547241211,467660,0.0027548024905483803
2020-12-02,127.37016296386719,564404,0.004317117008290738
2020-12-03,127.56925201416016,311163,0.0015630744725469992
2020-12-04,138.7682647705078,1592136,0.08778771200370894
2020-12-07,148.026123046875,2286735,0.06671452072761475
2020-12-08,141.50579833984375,958726,-0.044048473153393886
2020-12-09,138.66871643066406,505517,-0.020049227257572078
2020-12-10,140.31124877929688,458168,0.01184501011411676
2020-12-11,140.11215209960938,337233,-0.0014189644908703114
2020-12-14,138.27053833007812,338606,-0.013143854704494196
2020-12-15,136.77732849121094,359971,-0.010799190173850448
2020-12-16,138.22076416015625,422878,0.010553179279547464
2020-12-17,138.56918334960938,293567,0.0025207441991090818
2020-12-18,139.6144256591797,312311,0.007543107957367123
2020-12-21,129.70950317382812,459685,-0.0709448356685648
2020-12-22,135.58277893066406,843512,0.04528022706990842
2020-12-23,140.9085235595703,1123338,0.03928039143990247
2020-12-24,140.7592010498047,246100,-0.001059712400595103
2020-12-28,143.0487823486328,394530,0.016265944121251374
2020-12-29,140.31124877929688,221824,-0.019137063066109405
2020-12-30,139.86329650878906,152396,-0.003192561354880552
2020-12-31,139.51486206054688,589483,-0.0024912500773230928
2021-01-01,141.85423278808594,281970,0.01676789621541408
2021-01-04,141.10760498046875,224090,-0.005263345287218613
2021-01-05,141.10760498046875,180430,0.0
2021-01-06,142.99900817871094,331190,0.013403977755160668
2021-01-07,155.49212646484375,2035880,0.08736506948719347
2021-01-08,153.60073852539062,841611,-0.012163882393625647
2021-01-11,159.1256103515625,808883,0.035969044675254525
2021-01-12,162.75904846191406,714561,0.0228337732834083
2021-01-13,158.92648315429688,613687,-0.02354747919599698
2021-01-14,160.5192413330078,335533,0.010021980900216443
2021-01-15,159.2251434326172,903412,-0.008061948771025729
2021-01-18,163.60520935058594,657057,0.027508632264616972
2021-01-19,164.94908142089844,547763,0.008214115404068467
2021-01-20,161.76358032226562,292987,-0.019312026906681656
2021-01-21,162.808837890625,473530,0.006461637200889214
2021-01-22,161.91290283203125,666830,-0.005502987861111364
2021-01-25,161.5147247314453,494923,-0.0024592116725805635
2021-01-27,163.90382385253906,261770,0.014791834769654288
2021-01-28,161.46495056152344,263150,-0.01487990477397183
2021-01-29,161.46495056152344,164567,0.0
2021-02-01,166.4920654296875,798453,0.03113440316725935
2021-02-02,168.8314208984375,820560,0.014050852589956975
2021-02-03,169.92642211914062,315409,0.006485766777748259
2021-02-04,174.70468139648438,1124327,0.028119577978247268
2021-02-05,178.38790893554688,625277,0.021082592118430776
2021-02-08,180.62770080566406,1486975,0.012555738129799154
2021-02-09,184.95799255371094,893606,0.023973575086945198
2021-02-10,179.13450622558594,512282,-0.03148545379261669
2021-02-11,196.9036102294922,2083333,0.0991941998127901
2021-02-12,197.2520294189453,1410742,0.00176949111825353
2021-02-15,194.31539916992188,1011280,-0.014887706137543977
2021-02-16,190.63217163085938,343425,-0.018954892688878733
2021-02-17,200.2882080078125,799276,0.05065271141982852
2021-02-18,202.1298370361328,1057402,0.009194894929852593
2021-02-19,205.81304931640625,887131,0.018222011823098683
2021-02-22,188.5416717529297,1482067,-0.08391779637317576
2021-02-23,183.11639404296875,1457603,-0.028774952823534816
2021-02-24,182.96707153320312,483434,-0.0008154513447364842
2021-02-25,182.17068481445312,954481,-0.004352623191028582
2021-02-26,180.4783935546875,627903,-0.009289591579947576
2021-03-01,183.91275024414062,443431,0.019029184722948456
2021-03-02,188.09371948242188,1020719,0.022733438724237942
2021-03-03,188.8900909423828,829903,0.004233907767640099
2021-03-04,194.51449584960938,1076384,0.029776071784211045
2021-03-05,197.94886779785156,2186921,0.017656123433070547
2021-03-08,197.6999969482422,1030653,-0.0012572481589716578
2021-03-09,198.14794921875,2239190,0.002265818297534361
2021-03-10,200.63661193847656,810077,0.012559618858225763
2021-03-12,205.31532287597656,4453797,0.023319327874887996
2021-03-15,201.48275756835938,828253,-0.018666728103543972
2021-03-16,205.4646453857422,1690949,0.019762920983607435
2021-03-17,200.7361602783203,737564,-0.023013619197329804
2021-03-18,196.9036102294922,757998,-0.01909247463692787
2021-03-19,198.546142578125,629023,0.008341809206638962
2021-03-22,203.1252899169922,470351,0.023063391106001196
2021-03-23,203.82211303710938,2014558,0.003430508925805986
2021-03-24,202.08004760742188,461781,-0.008546989351299272
2021-03-25,197.8493194580078,535923,-0.020935902378809046
2021-03-26,197.79953002929688,2424207,-0.0002516532725375109
2021-03-30,204.17054748535156,361972,0.0322094671059685
2021-03-31,204.81759643554688,649630,0.003169159108229014
2021-04-01,217.21116638183594,930335,0.060510279204399886
2021-04-05,227.61380004882812,2654132,0.04789179967251478
2021-04-06,229.50518798828125,1283485,0.00830963649412908
2021-04-07,223.78125,1035998,-0.024940342475279986
2021-04-08,221.29258728027344,728501,-0.011120961741551416
2021-04-09,217.90798950195312,723147,-0.015294673083801169
2021-04-12,219.8491668701172,1623189,0.008908243211278144
2021-04-13,219.0030059814453,507976,-0.003848824631533687
2021-04-15,218.95323181152344,999740,-0.00022727619513174258
2021-04-16,221.04373168945312,651799,0.009547700486692179
2021-04-19,232.5413818359375,2481547,0.05201527344207868
2021-04-20,234.58209228515625,4582953,0.008775687291040946
2021-04-22,224.72695922851562,1227400,-0.04201144665663903
2021-04-23,223.43283081054688,1482866,-0.005758670087520734
2021-04-26,223.7314910888672,353972,0.001336689318381934
2021-04-27,226.41925048828125,1734708,0.012013326270401858
2021-04-28,225.07537841796875,460278,-0.005935326026450416
2021-04-29,223.48260498046875,299181,-0.00707662227959116
2021-04-30,225.92149353027344,724867,0.010913102386728601
2021-05-03,229.7540740966797,768189,0.01696421401309789
2021-05-04,226.91697692871094,523854,-0.012348408528220056
2021-05-05,228.75860595703125,6709528,0.008115871510569583
2021-05-06,227.61380004882812,7982132,-0.00500442771721632
2021-05-07,226.3197021484375,5189474,-0.0056854984193094316
2021-05-10,230.45089721679688,10389515,0.018253802161907418
2021-05-11,233.08888244628906,1972452,0.011447059921882108
2021-05-12,222.4871368408203,3811740,-0.04548370344480812
2021-05-14,219.10256958007812,2181316,-0.015212417710079529
2021-05-17,217.75868225097656,1019402,-0.0061335991251822986
2021-05-18,221.64100646972656,3948392,0.017828562235123524
2021-05-19,224.92604064941406,2664671,0.014821418797952512
2021-05-20,224.07989501953125,4868651,-0.0037618838060714532
2021-05-21,226.22015380859375,24274755,0.00955132002751058
2021-05-24,233.48707580566406,7236863,0.032123229848119106
2021-05-25,232.34226989746094,3362296,-0.0049030804135641315
2021-05-26,230.25180053710938,1352631,-0.008997369963176016
2021-05-27,230.55044555664062,7400820,0.0012970366304827508
2021-05-28,223.53240966796875,1958601,-0.030440348409336404
2021-05-31,221.3921356201172,1876015,-0.009574781800235077
2021-06-01,229.30612182617188,3646771,0.03574646490439992
2021-06-02,228.4599609375,2837773,-0.003690092885148988
2021-06-03,243.7901611328125,9148113,0.06710234971766638
2021-06-04,244.73587036132812,4966973,0.003879193582387419
2021-06-07,243.04354858398438,1317402,-0.006914890632277126
2021-06-08,243.9892578125,2770478,0.0038911101900276357
2021-06-09,245.5322265625,1903053,0.006323920830915153
2021-06-10,255.1385040283203,3127988,0.039124303967385865
2021-06-11,254.1928253173828,1205128,-0.0037065307509701606
2021-06-14,253.09779357910156,1445279,-0.004307878229505513
2021-06-15,250.45980834960938,872121,-0.010422790306418572
2021-06-16,252.2516326904297,889688,0.0071541392314695695
2021-06-17,248.02088928222656,731346,-0.01677191684778989
2021-06-18,249.3150177001953,1079810,0.005217820247778171
2021-06-21,245.2833709716797,1021664,-0.016170894018761928
2021-06-22,248.4688720703125,558899,0.012987024297707483
2021-06-23,259.0705871582031,2304649,0.04266818213305412
2021-06-24,255.73577880859375,1212601,-0.012872199759106362
2021-06-25,255.18829345703125,898056,-0.00214082422926154
2021-06-28,254.29237365722656,1078859,-0.003510818571133001
2021-06-29,252.45074462890625,493687,-0.007242171685426735
2021-06-30,253.34666442871094,834956,0.003548889511582276
2021-07-01,262.6044921875,2851729,0.03654213399519257
2021-07-02,278.63153076171875,3992432,0.0610310906744711
2021-07-05,281.26953125,1157118,0.00946770267194652
2021-07-06,281.6179504394531,1087384,0.001238737761266595
2021-07-07,282.71295166015625,433951,0.0038882507986242043
2021-07-08,283.7582092285156,1547750,0.003697239769955285
2021-07-09,279.62701416015625,493582,-0.014558856568736123
2021-07-12,274.1021728515625,747558,-0.01975789544221007
2021-07-13,268.97552490234375,994802,-0.018703419589435555
2021-07-14,267.23345947265625,1471836,-0.006476668947183906
2021-07-15,265.0931701660156,644829,-0.008009061854994282
2021-07-16,267.5818786621094,392619,0.009388052112150547
2021-07-19,265.7900085449219,324186,-0.006696530146760082
2021-07-20,258.2742614746094,576625,-0.028277011282168862
2021-07-22,278.2333679199219,2177257,0.07727872816809755
2021-07-23,277.3374328613281,971963,-0.0032200848708110463
2021-07-26,274.59991455078125,827280,-0.009870713384426799
2021-07-27,274.8985595703125,958223,0.001087564138611663
2021-07-28,273.2560119628906,1151246,-0.005975104453036395
2021-07-29,274.9483337402344,670097,0.00619317308039169
2021-07-30,295.1065673828125,3146399,0.07331644228701961
2021-08-02,293.1156311035156,1291064,-0.006746499398348593
2021-08-03,284.55462646484375,843604,-0.029206919489218608
2021-08-04,279.4776916503906,1228216,-0.017841687824676322
2021-08-05,277.13836669921875,1194713,-0.008370345902592558
2021-08-06,277.0387878417969,2162426,-0.00035931097742936124
2021-08-09,286.396240234375,1156410,0.03377668688733104
2021-08-10,302.2738952636719,7468168,0.0554394674186478
2021-08-11,299.2377624511719,3658264,-0.01004431034261688
2021-08-12,328.0565490722656,9476823,0.09630731891933686
2021-08-13,317.30548095703125,2180426,-0.03277199661350483
2021-08-16,320.3914489746094,1278474,0.009725542742818227
2021-08-17,341.9433288574219,6101626,0.06726733797605333
2021-08-18,341.59490966796875,3316393,-0.001018938403089642
2021-08-20,328.1560974121094,2599393,-0.03934137153543049
2021-08-23,328.0068054199219,2306843,-0.00045494200279938557
2021-08-24,323.8258056640625,2339993,-0.012746686003989316
2021-08-25,323.2285461425781,946728,-0.0018443851942546718
2021-08-26,331.78955078125,2176636,0.026485917598675135
2021-08-27,333.5813903808594,1109280,0.005400530533255843
2021-08-30,359.3640441894531,2600675,0.07729044410767916
2021-08-31,383.75299072265625,4406621,0.06786696367526823
2021-09-01,374.2463073730469,1981051,-0.02477292315483215
2021-09-02,367.52685546875,1524242,-0.01795462445965823
2021-09-03,378.4770202636719,1227937,0.02979418954556623
2021-09-06,379.2236633300781,900490,0.0019727566706324584
2021-09-07,377.13311767578125,1320962,-0.005512698326731957
2021-09-08,383.2055358886719,578221,0.016101524709137394
2021-09-09,379.7711486816406,1038022,-0.00896225885429014
2021-09-13,384.7982177734375,1700045,0.013237101104831561
2021-09-14,395.3004455566406,2032473,0.027292818152776954
2021-09-15,391.8163146972656,1140565,-0.008813880425732501
2021-09-16,395.84796142578125,2688887,0.010289634650947788
2021-09-17,377.5313415527344,13751716,-0.04627185601025541
2021-09-20,371.55853271484375,580568,-0.015820696669381906
2021-09-21,363.79388427734375,1377842,-0.020897510765710336
2021-09-22,370.2146301269531,808433,0.017649405685760344
2021-09-23,369.8662109375,378053,-0.0009411275543963482
2021-09-24,363.296142578125,519024,-0.017763364603438192
2021-09-27,357.3233642578125,471875,-0.016440522263536206
2021-09-28,368.0246276855469,983226,0.029948401079122666
2021-09-29,353.44097900390625,96097669,-0.03962682816461238
2021-09-30,357.92059326171875,1452877,0.012674292240920426
2021-10-01,357.074462890625,1110460,-0.002364017011100117
2021-10-04,351.4002685546875,4530962,-0.01589078728846416
2021-10-05,350.9523010253906,2076160,-0.001274807020322899
2021-10-06,345.8754577636719,4127745,-0.014465906753953539
2021-10-07,348.9613952636719,923705,0.008922106008771857
2021-10-08,348.3641052246094,755728,-0.0017116221082598138
2021-10-11,346.7713623046875,1131648,-0.004572063814941352
2021-10-12,334.1787109375,1699250,-0.036313988800848795
2021-10-13,330.89361572265625,973485,-0.009830354559773657
2021-10-14,348.8618469238281,1356052,0.05430213925986482
2021-10-18,344.33245849609375,1210015,-0.012983329841521285
2021-10-19,334.2781982421875,1035758,-0.02919928111865855
2021-10-20,340.9478759765625,484858,0.01995247601981731
2021-10-21,342.9388122558594,415483,0.00583941540505073
2021-10-22,331.2420654296875,743267,-0.034107387114425514
2021-10-25,332.4366149902344,549253,0.0036062737351829632
2021-10-26,341.7940368652344,382923,0.028147988076689057
2021-10-27,337.3144226074219,155424,-0.013106180256675315
2021-10-28,333.7804870605469,303395,-0.010476680835518004
2021-10-29,329.848388671875,355760,-0.011780492093172001
2021-11-01,341.24652099609375,388602,0.03455567077381527
2021-11-02,341.04742431640625,869662,-0.0005834394416867061
2021-11-03,340.99761962890625,281328,-0.00014603449241645805
2021-11-04,344.1831359863281,81543,0.009341755408405872
2021-11-08,337.8619079589844,293129,-0.01836588538607209
2021-11-09,336.6673583984375,2845353,-0.0035356147952964045
2021-11-10,335.8211975097656,1312973,-0.00251334401023362
2021-11-11,335.22393798828125,398528,-0.001778504531319891
2021-11-12,341.8935852050781,3945560,0.019896094702610556
2021-11-15,361.9522705078125,2977363,0.058669381850795954
2021-11-16,363.296142578125,1035650,0.0037128433216542245
2021-11-17,366.03369140625,1475532,0.007535309372397991
2021-11-18,355.78033447265625,1255669,-0.028012057835992588
2021-11-22,340.99761962890625,477273,-0.041550117899746164
2021-11-23,342.78948974609375,394766,0.005254787758159463
2021-11-24,355.581298828125,924306,0.03731680656692893
2021-11-25,363.296142578125,1537562,0.021696427161455034
2021-11-26,370.0653076171875,1311250,0.018632636699705163
2021-11-29,371.55853271484375,898320,0.004035031295613667
2021-11-30,378.4770202636719,1057933,0.018620182123869622
2021-12-01,374.2463073730469,442546,-0.011178255651235092
2021-12-02,373.4499206542969,555838,-0.0021279748204867666
2021-12-03,377.0335998535156,674915,0.009596143956705161
2021-12-06,372.4544372558594,611368,-0.012145237452140467
2021-12-07,360.7576904296875,1092980,-0.03140450389677263
2021-12-08,366.7802734375,326137,0.01669426090581516
2021-12-09,376.6851806640625,1103592,0.02700501620147877
2021-12-10,379.8208923339844,813458,0.008324489071733332
2021-12-13,397.59002685546875,1944223,0.04678293079744433
2021-12-14,380.6173095703125,1461549,-0.04268899152072081
2021-12-15,384.250732421875,663739,0.009546131403388669
2021-12-16,390.9203796386719,1634742,0.01735753937216744
2021-12-17,390.2235412597656,2212696,-0.0017825583295256742
2021-12-20,385.9927978515625,988181,-0.010841845662475813
2021-12-21,395.3502197265625,3631411,0.02424247790913059
2021-12-22,398.0379638671875,757145,0.006798387876156831
2021-12-23,405.5039978027344,2450094,0.018757090059977388
2021-12-24,411.9247131347656,1471373,0.015833913763668273
2021-12-27,423.1735534667969,1267730,0.027308000645134944
2021-12-28,413.1690979003906,1533898,-0.023641495278818758
2021-12-29,422.8251037597656,865011,0.023370590657539658
2021-12-30,428.1011047363281,1040899,0.012477974769350864
2021-12-31,440.89288330078125,1521774,0.02988027459618836
2022-01-03,432.6304626464844,1252447,-0.01874019964314133
2022-01-04,426.8069763183594,809359,-0.013460647899136813
2022-01-05,406.2008056640625,1268951,-0.04827983561104343
2022-01-06,407.5944519042969,829944,0.003430929286208695
2022-01-07,400.3275451660156,1049354,-0.017828767551496316
2022-01-10,397.04254150390625,702817,-0.008205789738368052
2022-01-11,389.02899169921875,762634,-0.020183101222186473
2022-01-12,401.2732238769531,620146,0.03147382955767242
2022-01-13,403.0650939941406,1047369,0.004465461462579423
2022-01-14,394.7528991699219,587923,-0.020622462594936497
2022-01-17,392.2144775390625,361413,-0.006430406556093948
2022-01-18,389.1783142089844,363539,-0.0077410791899585885
2022-01-19,382.9566345214844,2563604,-0.0159867070192381
2022-01-20,383.7032470703125,1596290,0.0019496007681418792
2022-01-21,372.6535339355469,4225908,-0.0287975491975464
2022-01-24,364.2418212890625,1518028,-0.022572475182643048
2022-01-25,367.82550048828125,2900599,0.009838736217977484
2022-01-27,373.0517272949219,972451,0.014208440686420243
2022-01-28,367.875244140625,818256,-0.013876046605741932
2022-01-31,365.7848205566406,654849,-0.00568242527128382
2022-02-01,362.3504333496094,508887,-0.009389091657234117
2022-02-02,362.15130615234375,578343,-0.0005495431464642708
2022-02-03,361.753173828125,330113,-0.0010993535504502105
2022-02-04,357.1242370605469,314301,-0.012795842863226436
2022-02-07,347.9161682128906,1993839,-0.025783937050722017
2022-02-08,358.2690124511719,1808184,0.02975672068205326
2022-02-09,362.9974670410156,2365349,0.01319805628037174
2022-02-10,382.60821533203125,2459835,0.0540244769498619
2022-02-11,366.7802734375,1043292,-0.041368536430394176
2022-02-14,360.956787109375,1641931,-0.015877316065956104
2022-02-15,369.9159851074219,1205644,0.024820694105225805
2022-02-16,378.42724609375,1248485,0.023008632578709776
2022-02-17,378.2779235839844,992782,-0.000394587100445265
2022-02-18,368.9703063964844,589138,-0.02460523495348399
2022-02-21,365.28704833984375,1168982,-0.009982532449867909
2022-02-22,370.4137268066406,707983,0.014034657100755688
2022-02-23,366.68072509765625,494175,-0.010077924868408084
2022-02-24,344.7306213378906,1341504,-0.05986162417978136
2022-02-25,365.1875305175781,972846,0.05934172340215893
2022-02-28,372.70330810546875,803898,0.020580597528175648
2022-03-02,370.7123718261719,644195,-0.005341879816997741
2022-03-03,367.3775329589844,557061,-0.008995758222903882
2022-03-04,357.92059326171875,1853161,-0.025741747518135405
2022-03-07,344.33245849609375,1236479,-0.03796410438917963
2022-03-08,341.2962951660156,1129232,-0.008817534493665957
2022-03-09,352.09710693359375,1070542,0.031646437188321386
2022-03-10,354.1378173828125,715643,0.00579587394793224
2022-03-11,350.2554931640625,739023,-0.010962749608165456
2022-03-14,346.4229431152344,1062690,-0.010942155436896805
2022-03-15,342.5406188964844,1601435,-0.011206891159799892
2022-03-16,349.0609436035156,930911,0.01903518691604189
2022-03-17,333.0836486816406,8876976,-0.04577222177002693
2022-03-21,336.2193908691406,1936724,0.009414278364943574
2022-03-22,326.7624206542969,1592992,-0.028127378942651382
2022-03-23,331.3415832519531,3074841,0.01401373691774932
2022-03-24,330.7940673828125,3001866,-0.0016524212378266068
2022-03-25,340.64923095703125,1273969,0.029792443535010094
2022-03-28,338.7578125,534026,-0.0055523931515049085
2022-03-29,353.88897705078125,1496340,0.04466661429625707
2022-03-30,359.3640441894531,1223170,0.015471143476407878
2022-03-31,346.0744934082031,106099666,-0.03698074695042075
2022-04-01,349.16046142578125,2095657,0.008917062876223403
2022-04-04,352.89349365234375,1218309,0.010691451750632908
2022-04-05,367.7259521484375,5031202,0.04203097751273943
2022-04-06,345.2781677246094,3557732,-0.061044874022834206
2022-04-07,353.6898498535156,2113066,0.024362044621411894
2022-04-08,359.46356201171875,1962285,0.016324223498622725
2022-04-11,368.7214050292969,2157512,0.025754607687541675
2022-04-12,367.82550048828125,1174016,-0.0024297600540561515
2022-04-13,370.0653076171875,607598,0.006089319870245413
2022-04-18,371.0110168457031,1025514,0.002555519820555352
2022-04-19,369.2191467285156,779055,-0.004829695172994586
2022-04-20,407.09674072265625,10126984,0.10258837963782996
2022-04-21,419.58984375,5745753,0.030688290466700074
2022-04-22,409.0378723144531,1953000,-0.02514830040031657
2022-04-25,412.4722595214844,2021804,0.008396257264879914
2022-04-26,407.6940002441406,1074920,-0.011584437903501832
2022-04-27,409.137451171875,927138,0.0035405253127835934
2022-04-28,395.151123046875,656158,-0.03418491288181891
2022-04-29,411.97454833984375,1694410,0.04257466146938693
2022-05-02,389.6760559082031,1467660,-0.05412589812040103
2022-05-04,371.90692138671875,720536,-0.04559975972880992
2022-05-05,372.20556640625,541467,0.0008030101145137802
2022-05-06,363.5947570800781,1227954,-0.023134552793800722
2022-05-09,361.9024658203125,626465,-0.004654333504024999
2022-05-10,355.78033447265625,1215684,-0.016916522891822328
2022-05-11,356.2283020019531,502803,0.0012591126768175531
2022-05-12,352.2464294433594,440492,-0.01117786693594014
2022-05-13,362.9477233886719,814850,0.030380134618321897
2022-05-16,366.4318542480469,748990,0.00959953909297262
2022-05-17,366.9295959472656,524619,0.001358347243691993
2022-05-18,360.4092712402344,414568,-0.01776996126518049
2022-05-19,366.382080078125,741052,0.016572295205772747
2022-05-20,373.400146484375,512358,0.019155048207470937
2022-05-23,364.5404968261719,227291,-0.02372695817507897
2022-05-24,362.9477233886719,494962,-0.004369263364063181
2022-05-25,355.8301086425781,811958,-0.019610578293865366
2022-05-26,363.94317626953125,363640,0.022800396677793433
2022-05-27,372.9521789550781,1325935,0.024753871683734774
2022-05-30,372.4544372558594,527776,-0.001334599252411639
2022-05-31,378.6263427734375,742275,0.016570900760509044
2022-06-01,367.875244140625,413055,-0.02839500958665664
2022-06-02,382.9068603515625,643552,0.04086063536580742
2022-06-03,371.0110168457031,419990,-0.03106719867838703
2022-06-06,362.9477233886719,265226,-0.021733299257753913
2022-06-07,365.585693359375,735129,0.007268181616001401
2022-06-08,355.18304443359375,313627,-0.028454748407113706
2022-06-09,355.18304443359375,355281,0.0
2022-06-10,355.7305603027344,394813,0.0015415033958441349
2022-06-13,350.3052673339844,496951,-0.015251129855509027
2022-06-14,351.8482666015625,450167,0.0044047275661058816
2022-06-15,351.15142822265625,168989,-0.001980508204962539
2022-06-16,349.9070739746094,351918,-0.0035436400026767068
2022-06-17,357.0246887207031,564183,0.020341442844365787
2022-06-20,360.7576904296875,560606,0.01045586433352974
2022-06-21,359.9613342285156,539470,-0.0022074545388717226
2022-06-22,362.59930419921875,2406089,0.007328481478036997
2022-06-23,364.6897888183594,340257,0.005765274767300932
2022-06-24,370.56304931640625,308860,0.016104812029634763
2022-06-27,372.1557922363281,2178358,0.004298169833338861
2022-06-28,368.8707580566406,216280,-0.008827040310046885
2022-06-29,367.02911376953125,281912,-0.004992654600250446
2022-06-30,365.28704833984375,842968,-0.004746395760804378
2022-07-01,357.7712707519531,326670,-0.02057499060546586
2022-07-04,364.39111328125,271764,0.01850300197493082
2022-07-05,364.9884033203125,527899,0.001639145460173408
2022-07-06,367.925048828125,774698,0.008045859761838248
2022-07-07,363.19659423828125,730333,-0.01285167890825678
2022-07-08,362.3006896972656,219557,-0.0024667206555022414
2022-07-11,364.5404968261719,345981,0.0061821773808319325
2022-07-12,364.5404968261719,852657,0.0
2022-07-13,366.5811767578125,622984,0.005597951254819655
2022-07-14,371.90692138671875,1115822,0.014528145378355894
2022-07-15,366.8300476074219,841889,-0.013650925775639977
2022-07-18,362.499755859375,951317,-0.011804626628299286
2022-07-19,367.875244140625,508556,0.014828943176820486
2022-07-20,365.1875305175781,269938,-0.007306046454214399
2022-07-21,363.296142578125,236181,-0.005179223772434072
2022-07-22,353.64007568359375,552130,-0.026579051530817632
2022-07-25,359.9613342285156,290048,0.017874836534583105
2022-07-26,363.6445617675781,383854,0.010232286606439489
2022-07-27,361.1061096191406,209970,-0.006980586031862468
2022-07-28,361.4047546386719,273052,0.0008270284317433152
2022-07-29,367.9748229980469,513534,0.018179252693959924
2022-08-01,367.925048828125,310478,-0.0001352651507957603
2022-08-02,365.6852722167969,325718,-0.0060875893567508
2022-08-03,368.27349853515625,370329,0.007077742843373036
2022-08-04,376.58563232421875,956003,0.022570545592134117
2022-08-05,373.9476318359375,653062,-0.007005048153324367
2022-08-08,379.87066650390625,1460947,0.015839208925829906
2022-08-10,370.11505126953125,1316079,-0.025681412371635903
2022-08-11,370.2644348144531,697413,0.0004036138071377149
2022-08-12,360.25994873046875,973714,-0.027019840803769957
2022-08-16,395.05157470703125,27757368,0.09657367159232044
2022-08-17,385.1964416503906,3174106,-0.024946446711291204
2022-08-18,383.8525695800781,3100436,-0.0034887966891766764
2022-08-19,377.2326965332031,9386965,-0.017245873993020133
2022-08-22,375.2915344238281,3692418,-0.005145794962139849
2022-08-23,380.6173095703125,1672410,0.014191034590377516
2022-08-24,378.0290832519531,2685962,-0.006800075175985243
2022-08-25,380.26885986328125,1146272,0.005924879091472768
2022-08-26,376.9838562011719,925456,-0.008638634421157754
2022-08-29,372.20556640625,1457090,-0.012675051507701762
2022-08-30,386.49053955078125,2148809,0.038379257146680335
2022-09-01,378.32769775390625,1173801,-0.021120418125532114
2022-09-02,378.2281494140625,1755461,-0.00026312728471844515
2022-09-05,377.18292236328125,1463395,-0.0027634829729106247
2022-09-06,380.6173095703125,1523884,0.009105362420739338
2022-09-07,381.1647644042969,778110,0.0014383340437207348
2022-09-08,376.9838562011719,973553,-0.010968768872587464
2022-09-09,411.4270324707031,9462594,0.09136512267822727
2022-09-12,420.33648681640625,2802046,0.021655004757952012
2022-09-13,420.88397216796875,966628,0.0013024930471992047
2022-09-14,420.6849060058594,1699323,-0.00047297159139603195
2022-09-15,437.55804443359375,4023843,0.040108732656786605
2022-09-16,432.2322998046875,4209769,-0.012171515748956807
2022-09-19,422.8251037597656,1664458,-0.021764213477735717
2022-09-20,429.7436218261719,1054166,0.016362600055878307
2022-09-21,435.5671081542969,2175143,0.013551070992929182
2022-09-22,424.8658142089844,1929942,-0.024568645668996747
2022-09-23,425.0151672363281,6128689,0.0003515298768430597
2022-09-26,417.35003662109375,3298518,-0.018034957822980924
2022-09-27,411.77545166015625,1698355,-0.013357097093053771
2022-09-28,404.16009521484375,1451138,-0.0184939544467978
2022-09-29,400.9248046875,2506040,-0.008004972696831758
2022-09-30,406.0514831542969,2770308,0.012787132167571658
2022-10-03,413.26861572265625,2911717,0.017773934754024667
2022-10-04,411.6260986328125,1648564,-0.003974453968568548
2022-10-06,424.36810302734375,4211279,0.030955287910200413
2022-10-07,414.1147766113281,1993097,-0.024161397482211244
2022-10-10,408.8885803222656,549328,-0.01262016374259356
2022-10-11,408.8885803222656,1388503,0.0
2022-10-12,418.7934875488281,1190107,0.024223976171591666
2022-10-13,427.2052001953125,3306834,0.02008558608615818
2022-10-14,425.8115539550781,986280,-0.0032622408144780124
2022-10-17,417.59893798828125,1166622,-0.019286973053021628
2022-10-18,405.6035461425781,1679325,-0.028724670382278994
2022-10-19,403.662353515625,1619569,-0.0047859360338796675
2022-10-20,411.7256774902344,9783251,0.019975417336750123
2022-10-21,409.137451171875,2141135,-0.006286288322206346
2022-10-24,409.6849365234375,73382,0.0013381452858798326
2022-10-25,422.9247131347656,1705603,0.032316971972853326
2022-10-27,417.1011962890625,4810265,-0.013769630066161387
2022-10-28,428.3997802734375,1464174,0.027088351903322705
2022-10-31,454.2321472167969,3989852,0.060299673652659536
2022-11-01,455.725341796875,3595164,0.0032872939293868697
2022-11-02,462.6438903808594,5957403,0.015181399736747814
2022-11-03,459.9560852050781,3421138,-0.005809663180829205
2022-11-04,460.75244140625,3357290,0.0017313744220099903
2022-11-07,454.928955078125,1617715,-0.012639078613129628
2022-11-09,456.1733093261719,2879285,0.002735271593854005
2022-11-10,457.66650390625,1104547,0.0032733054511315807
2022-11-11,443.0829162597656,1025869,-0.031865097231305595
2022-11-14,440.59423828125,895078,-0.005616731964128818
2022-11-15,431.1870422363281,2359680,-0.021351155388729448
2022-11-16,422.8749084472656,4733324,-0.019277327412141276
2022-11-17,416.20526123046875,3709065,-0.015772151725168215
2022-11-18,424.36810302734375,2601305,0.019612538709247396
2022-11-21,430.8883972167969,5763831,0.015364713188712464
2022-11-22,437.3589782714844,4565741,0.015016837530280158
2022-11-23,430.8883972167969,2677658,-0.014794668398623756
2022-11-24,434.1734619140625,3092254,0.007623933989600484
2022-11-25,429.0965576171875,2323656,-0.011693262583331032
2022-11-28,437.60784912109375,1945104,0.019835375867777172
2022-11-29,440.89288330078125,1992295,0.007506799035449818
2022-11-30,448.06024169921875,2776754,0.016256461988632065
2022-12-01,450.2502746582031,2737715,0.004887809171996382
2022-12-02,445.4720153808594,806478,-0.010612451665845346
2022-12-05,435.6169128417969,1170296,-0.022122831959796252
2022-12-06,436.7119445800781,650965,0.0025137493655553733
2022-12-07,436.3634948730469,1824917,-0.0007978936948159765
2022-12-08,430.63958740234375,1401737,-0.013117292206967002
2022-12-09,430.7391052246094,974836,0.00023109306523805273
2022-12-12,430.9382019042969,1904838,0.00046222104580850853
2022-12-13,427.7527160644531,2783397,-0.007391978306326097
2022-12-14,429.8929443359375,1161594,0.005003424153972924
2022-12-15,431.4857177734375,1707591,0.0037050467063617365
2022-12-16,425.0151672363281,1314423,-0.014995978477570171
2022-12-19,422.6758117675781,1120013,-0.005504169378146462
2022-12-20,436.26397705078125,2061305,0.03214796045787227
2022-12-21,437.55804443359375,1782044,0.0029662485350283596
2022-12-22,445.17340087890625,2223868,0.017404219947939392
2022-12-23,430.4404602050781,837210,-0.03309483595547458
2022-12-26,443.5308532714844,923446,0.030411623154964262
2022-12-27,435.7164306640625,652315,-0.017618667449587067
2022-12-28,436.01507568359375,379336,0.0006854114247565324
2022-12-29,452.1914367675781,2053817,0.037100462773271614
2022-12-30,437.55804443359375,1406557,-0.03236105583641513
2023-01-02,445.5715637207031,613060,0.018314185715594844
2023-01-03,444.5263366699219,396312,-0.002345811842329404
2023-01-04,443.1326904296875,687298,-0.003135126369957275
2023-01-05,438.0060119628906,1177013,-0.011569172343899425
2023-01-06,431.38616943359375,1167423,-0.01511358828074194
2023-01-09,449.1054992675781,1901056,0.04107533131451513
2023-01-10,449.6530456542969,3455125,0.0012191932354685964
2023-01-11,446.417724609375,793529,-0.007195149852068927
2023-01-12,450.8475646972656,942839,0.009923082896779789
2023-01-13,450.94708251953125,1193182,0.0002207349668894576
2023-01-16,451.4945983886719,610415,0.001214146604700428
2023-01-17,451.6439514160156,1392112,0.0003307969306316494
2023-01-18,449.9516296386719,1133398,-0.0037470263291202732
2023-01-19,444.6258544921875,1277349,-0.011836328164343324
2023-01-20,436.41326904296875,1059249,-0.018470777995126753
2023-01-23,441.9381408691406,1537129,0.012659724664851879
2023-01-24,432.6304626464844,410812,-0.021061043078000052
2023-01-25,436.1643981933594,2211079,0.00816848523623892
2023-01-27,452.5398864746094,2665309,0.03754430290293986
2023-01-30,437.75714111328125,1783445,-0.03266617110038439
2023-01-31,439.6983337402344,1610363,0.0044344053920317705
2023-02-01,439.2005920410156,1613929,-0.0011320072445687446
2023-02-02,438.95172119140625,1506582,-0.0005666450686071522
2023-02-03,433.52642822265625,2666546,-0.012359657581532235
2023-02-06,438.2548828125,402844,0.010906958104559328
2023-02-07,437.8567199707031,953241,-0.0009085188948533274
2023-02-08,435.7164306640625,1123330,-0.004888104279372141
2023-02-09,438.5037841796875,527432,0.006397173297726821
2023-02-10,435.4178161621094,778807,-0.007037494609883677
2023-02-13,428.64862060546875,1454979,-0.015546436791002649
2023-02-14,421.4314880371094,1435032,-0.01683694341105102
2023-02-15,421.63055419921875,849521,0.00047235711559334703
2023-02-16,427.7527160644531,5501830,0.01452020448769864
2023-02-17,431.8341369628906,1297097,0.009541542917573143
2023-02-20,426.4088134765625,410047,-0.012563442817385084
2023-02-21,431.2368469238281,1023742,0.011322546098196495
2023-02-22,429.2956848144531,1080016,-0.004501382762679085
2023-02-23,426.3092346191406,1027573,-0.006956627566855889
2023-02-24,429.64410400390625,752460,0.00782265340262911
2023-02-27,427.7029113769531,649946,-0.004518140965657169
2023-02-28,424.16900634765625,1538948,-0.008262522735512312
2023-03-01,431.5852355957031,1340035,0.017484137542025824
2023-03-02,427.45404052734375,709558,-0.009572141787142496
2023-03-03,423.52197265625,618261,-0.009198808522766111
2023-03-06,428.8476867675781,1027758,0.012574823634122767
2023-03-08,435.96533203125,1164589,0.016597140391081178
2023-03-09,451.1462097167969,2527509,0.03482129557140734
2023-03-10,455.67559814453125,3705846,0.010039735079626855
2023-03-13,460.6031799316406,2062560,0.01081379342491462
2023-03-14,466.5261535644531,3975743,0.012859167914758052
2023-03-15,466.5759582519531,2164066,0.00010675647467883742
2023-03-16,462.2954406738281,1794019,-0.009174320927640922
2023-03-17,457.96514892578125,2885033,-0.009366935874892457
2023-03-20,466.0782470703125,4308178,0.017715536135362253
2023-03-21,462.3949890136719,5089755,-0.007902660293186758
2023-03-22,464.8338928222656,1861207,0.005274503112146833
2023-03-23,464.7343444824219,1275635,-0.00021415895308174449
2023-03-24,458.61224365234375,2188315,-0.01317333419137845
2023-03-27,457.3180847167969,1234579,-0.0028219022790153536
2023-03-28,447.9109802246094,3066496,-0.02057015632349868
2023-03-29,449.6530456542969,1158628,0.003889311730679079
2023-03-31,439.1010437011719,1529683,-0.023466986502383436
2023-04-03,430.7391052246094,1582788,-0.01904331268739401
2023-04-05,417.2505187988281,3115322,-0.03131497990819199
2023-04-06,428.3997802734375,1942520,0.02672078516931653
2023-04-10,438.702880859375,2007612,0.024050200444456937
2023-04-11,448.85662841796875,2277870,0.02314493020584596
2023-04-12,476.8292541503906,14214382,0.062319734100872326
2023-04-13,469.5126037597656,4208505,-0.015344382348481789
2023-04-17,469.1641845703125,2158139,-0.0007420869784177109
2023-04-18,461.7977294921875,2523101,-0.015701230657390486
2023-04-19,467.67095947265625,2420589,0.012718187217869659
2023-04-20,463.2908935546875,1116003,-0.009365700027445967
2023-04-21,451.39508056640625,1280680,-0.025676768427301377
2023-04-24,447.7615966796875,948444,-0.008049453888951286
2023-04-25,438.1055908203125,8063667,-0.021565060360195565
2023-04-26,438.30462646484375,1125684,0.0004543097570577359
2023-04-27,450.1507568359375,1152173,0.027027162516259473
2023-04-28,457.96514892578125,1111659,0.017359500058980792
2023-05-02,472.6483154296875,1893299,0.0320617552194693
2023-05-03,473.89263916015625,2804318,0.00263266299666709
2023-05-04,478.96954345703125,1219061,0.010713195093877026
2023-05-05,482.05548095703125,707698,0.006442867907063166
2023-05-08,476.4311218261719,1935690,-0.01166745188685181
2023-05-09,479.1188659667969,2152420,0.005641411774954586
2023-05-10,477.97406005859375,1761012,-0.0023893985178251587
2023-05-11,481.8564147949219,2023509,0.008122521828594964
2023-05-12,497.58477783203125,13431020,0.032641182215667586
2023-05-15,517.5439453125,4278648,0.040112094199164394
2023-05-16,505.4490051269531,5650467,-0.023369880558150036
2023-05-17,520.231689453125,5215249,0.029246638486228438
2023-05-18,531.7791748046875,4751726,0.02219681266187634
2023-05-19,542.6795043945312,6724371,0.02049784968327728
2023-05-22,550.0459594726562,12219797,0.013574227547701101
2023-05-23,551.2405395507812,9698831,0.0021717822984652635
2023-05-24,555.222412109375,13088349,0.007223475548149505
2023-05-25,534.267822265625,4286399,-0.0377408933550436
2023-05-26,537.7518920898438,4479668,0.006521204682408355
2023-05-29,534.4669189453125,2280303,-0.006108715176742496
2023-05-30,533.3220825195312,7783524,-0.0021420155021762977
2023-05-31,546.9600830078125,101078986,0.025571790359499635
2023-06-01,530.5347900390625,5171685,-0.03003014932721404
2023-06-02,528.5936279296875,3976828,-0.0036588780713741054
2023-06-05,516.6978149414062,2212840,-0.022504646972141717
2023-06-06,521.5258178710938,3902253,0.009343958480325654
2023-06-07,557.3128662109375,6091207,0.06861989783349376
2023-06-08,554.8740234375,3580397,-0.004376074771104244
2023-06-09,567.1182250976562,4518069,0.02206663340320425
2023-06-12,564.2811279296875,986664,-0.005002655605857553
2023-06-13,573.9371948242188,4835369,0.01711215636425556
2023-06-14,580.7562255859375,2597751,0.01188114452803024
2023-06-15,582.3489379882812,1516197,0.002742480118464119
2023-06-16,591.7063598632812,1938902,0.016068410646244313
2023-06-19,598.9235229492188,2090957,0.012197203842130522
2023-06-20,581.4031372070312,1970415,-0.029253126769697824
2023-06-21,576.7742919921875,2094468,-0.007961507117212996
2023-06-22,578.3172607421875,1288376,0.0026751690763999747
2023-06-23,577.9190063476562,1464594,-0.0006886434515548379
2023-06-26,599.9189453125,2073893,0.03806751244240858
2023-06-27,606.8872680664062,1876097,0.011615440399663335
2023-06-28,600.5659790039062,5720825,-0.01041591971873157
2023-06-30,596.7334594726562,2202968,-0.006381512881576401
2023-07-03,603.1044311523438,1215993,0.010676411014923781
2023-07-04,591.1587524414062,1323219,-0.019806982164122133
2023-07-05,600.9143676757812,4900045,0.016502530317085817
2023-07-06,611.4663696289062,6200292,0.017559909565714182
2023-07-07,607.1361083984375,819005,-0.007081765155942721
2023-07-10,609.8735961914062,812693,0.004508853542231073
2023-07-11,616.5930786132812,2169591,0.011017828061154589
2023-07-12,612.4120483398438,1131249,-0.006780858265293288
2023-07-13,616.3441162109375,1496863,0.006420624613367787
2023-07-14,598.0275268554688,2456766,-0.029718121539104803
2023-07-17,609.2265625,2039007,0.018726622340308863
2023-07-18,601.1632690429688,1057388,-0.013235295296290084
2023-07-19,608.778564453125,2483696,0.012667599306723343
2023-07-20,606.489013671875,686740,-0.003760892572337471
2023-07-21,600.0184936523438,814579,-0.01066881653858276
2023-07-24,608.878173828125,1127005,0.014765678507427271
2023-07-25,608.1315307617188,1265799,-0.0012262601921037009
2023-07-26,605.1949462890625,1216343,-0.004828864027125901
2023-07-27,600.217529296875,659020,-0.00822448538724263
2023-07-28,603.303466796875,373573,0.005141365170749035
2023-07-31,592.2040405273438,1734925,-0.018397749856239876
2023-08-01,569.7064819335938,2483065,-0.03798953916916281
2023-08-02,568.6115112304688,3918130,-0.0019219909512151467
2023-08-03,553.1817626953125,3497717,-0.02713583568114275
2023-08-04,535.8605346679688,4948029,-0.0313120012180953
2023-08-07,580.7063598632812,3104167,0.08368935999942595
2023-08-08,556.9644775390625,2930572,-0.040884488211578085
2023-08-09,547.4577026367188,2275351,-0.017068907059116678
2023-08-10,534.317626953125,1880862,-0.02400199251980062
2023-08-11,527.4488525390625,2626634,-0.012855227055170837
2023-08-14,519.3358154296875,1978810,-0.0153816565726137
2023-08-16,529.589111328125,3631270,0.019743094147963047
2023-08-17,539.2451782226562,2257605,0.018233129586662677
2023-08-18,530.9827880859375,1426478,-0.015322140040178844
2023-08-21,548.5029907226562,1896773,0.03299580142677461
2023-08-22,566.6702880859375,1524899,0.03312160128670527
2023-08-23,577.9688720703125,2227045,0.01993855019739721
2023-08-24,560.7472534179688,2650485,-0.029796792672683314
2023-08-25,551.0911254882812,2226658,-0.017220107402808882
2023-08-28,552.4351196289062,1495246,0.0024387874862512593
2023-08-29,559.5526733398438,2057981,0.01288396312623763
2023-08-30,572.7426147460938,1411015,0.023572296290753414
2023-08-31,586.8782348632812,3059199,0.024680580339659253
2023-09-01,572.344482421875,1244029,-0.02476451089516385
2023-09-04,572.1453247070312,1737657,-0.00034796826205263365
2023-09-05,591.756103515625,1604634,0.034275870066115655
2023-09-06,585.9325561523438,1165805,-0.009841127668449134
2023-09-07,600.217529296875,1855655,0.024379893205348946
2023-09-08,601.2645263671875,1305445,0.0017443627005346851
2023-09-11,620.3594360351562,1437966,0.03175791823831564
2023-09-12,616.6701049804688,3420837,-0.005947086221927633
2023-09-13,581.0230102539062,3433999,-0.057805777252152524
2023-09-14,582.2693481445312,1195049,0.002145074925828494
2023-09-15,570.8024291992188,4633092,-0.019693495771077707
2023-09-18,572.7468872070312,1308820,0.0034065342198006388
2023-09-20,552.55517578125,2159490,-0.03525416178906715
2023-09-21,554.6490478515625,1552347,0.0037894352674410214
2023-09-22,541.6865234375,2153657,-0.023370678205025253
2023-09-25,554.5493774414062,2248687,0.023745936897745956
2023-09-26,564.4208374023438,964757,0.017800867447516966
2023-09-27,571.9491577148438,927353,0.013338133204202629
2023-09-28,567.9606323242188,1088420,-0.006973566333344561
2023-09-29,565.7670288085938,1680436,-0.0038622457099681817
2023-10-03,590.49560546875,3015887,0.04370805543799583
2023-10-04,568.5589599609375,1642684,-0.03714954913237445
2023-10-05,560.881103515625,753385,-0.01350406375767954
2023-10-06,559.0862426757812,1590442,-0.003200073649465951
2023-10-09,566.9635009765625,1046123,0.01408952268809327
2023-10-10,553.4027099609375,2636074,-0.023918278676259286
2023-10-11,572.2981567382812,2895695,0.034144116819878834
2023-10-12,579.2281494140625,1897603,0.012109059926520782
2023-10-13,581.1226806640625,1155915,0.003270785875852944
2023-10-16,574.7909545898438,1225625,-0.010895678803971909
2023-10-17,572.248291015625,822914,-0.004423631850701493
2023-10-18,576.2367553710938,862247,0.006969814358711357
2023-10-19,578.2310791015625,2949605,0.003460945022822015
2023-10-20,582.3690185546875,862440,0.007156203813109441
2023-10-23,576.1868896484375,671461,-0.010615483841487139
2023-10-25,567.4620971679688,2723739,-0.015142296079996176
2023-10-26,547.4697875976562,1923369,-0.03523109238500344
2023-10-27,562.1773681640625,2562523,0.026864643309257863
2023-10-30,574.4918823242188,1499242,0.021905033638000226
2023-10-31,572.0987548828125,888784,-0.004165641874214754
2023-11-01,574.7909545898438,941968,0.004705830390389076
2023-11-02,579.7266845703125,783304,0.008587000092913355
2023-11-03,576.486083984375,1792687,-0.005589876526624571
2023-11-06,592.2904052734375,1436518,0.02741492245542365
2023-11-07,595.7305297851562,1207597,0.0058081719391192
2023-11-08,588.9002075195312,1129811,-0.011465456148584963
2023-11-09,591.5426025390625,684644,0.004486999640671119
2023-11-10,591.193603515625,589487,-0.0005899812151136663
2023-11-13,591.0440063476562,553676,-0.00025304260242187127
2023-11-15,597.4256591796875,1593488,0.010797254964933112
2023-11-16,613.6288452148438,2079626,0.027121677460932192
2023-11-17,606.0008544921875,1267033,-0.012430952003218754
2023-11-20,619.7611083984375,1175478,0.022706657596680557
2023-11-21,602.560791015625,1401574,-0.02775314092757597
2023-11-22,614.8253784179688,1280034,0.020354107975846913
2023-11-23,614.376708984375,317529,-0.0007297509981586403
2023-11-24,610.9864501953125,406450,-0.0055182085184624086
2023-11-28,599.91845703125,1162012,-0.018114956821913886
2023-11-29,611.4850463867188,1325121,0.019280269209764
2023-11-30,633.9700927734375,4826074,0.03677121218185708
2023-12-01,650.4725341796875,2242286,0.026030315300926254
2023-12-04,689.41015625,2292979,0.05986051681554372
2023-12-05,681.0841674804688,2104240,-0.012076974344010116
2023-12-06,654.4111328125,1640246,-0.039162611526619595
2023-12-07,666.9249877929688,925542,0.019122313715366213
2023-12-08,676.2481079101562,1594882,0.013979263467155612
2023-12-11,685.1224365234375,2210419,0.0131228886402448
2023-12-12,697.48681640625,2146543,0.018046963905537616
2023-12-13,720.8194580078125,2023372,0.03345244820795634
2023-12-14,702.3228759765625,2951017,-0.02566049213262156
2023-12-15,686.2193603515625,2477767,-0.02292893507506566
2023-12-18,679.3391723632812,1515137,-0.010026222496486215
2023-12-19,662.0889892578125,2165062,-0.025392592989241125
2023-12-20,648.3785400390625,1532341,-0.02070786471486119
2023-12-21,647.9796752929688,1703554,-0.0006151726521820278
2023-12-22,647.032470703125,1114675,-0.0014617813273472002
2023-12-26,672.9077758789062,1132388,0.03999073670547437
2023-12-27,675.948974609375,712857,0.004519488166853991
2023-12-28,682.8291015625,556324,0.01017847087807322
2023-12-29,684.27490234375,461141,0.00211736842782706
2024-01-01,686.4686279296875,222961,0.0032059126798653637
2024-01-02,675.8991088867188,637956,-0.015396944030560022
2024-01-03,688.91162109375,823250,0.01925215174268291
2024-01-04,735.626708984375,2104329,0.0678099867388764
2024-01-05,712.6929321289062,1790608,-0.031175834938255154
2024-01-08,702.422607421875,1008539,-0.014410588689791615
2024-01-09,714.1387939453125,1622878,0.016679683141805235
2024-01-10,732.0869750976562,1662467,0.02513262310423947
2024-01-11,740.8616333007812,784676,0.011985813846714821
2024-01-12,735.3275756835938,886563,-0.007469758681565741
2024-01-15,725.7053833007812,1528224,-0.01308558620811584
2024-01-16,716.1329956054688,1671115,-0.013190459814110378
2024-01-17,729.74365234375,2519522,0.019005766836331706
2024-01-18,702.8712768554688,6894521,-0.03682440457272096
2024-01-19,729.69384765625,4643725,0.03816142682737156
2024-01-23,773.8164672851562,4986823,0.06046730388453536
2024-01-24,734.9287109375,8408539,-0.05025449572569751
2024-01-25,730.391845703125,2656478,-0.006173204512023522
2024-01-29,723.0630493164062,2966004,-0.010034061072606293
2024-01-30,734.2806396484375,2330223,0.015513986425715665
2024-01-31,778.5527954101562,4981773,0.06029323581637058
2024-02-01,800.7886352539062,3758898,0.02856047781838056
2024-02-02,764.1943359375,5599059,-0.04569782550023738
2024-02-05,787.2776489257812,1428938,0.030206077044477198
2024-02-06,819.0360107421875,1817434,0.04033946836892888
2024-02-07,829.9544067382812,1666580,0.013330788699021712
2024-02-08,859.8182983398438,2225158,0.03598256887258122
2024-02-09,871.8834228515625,7995614,0.014032179281383561
2024-02-12,873.379150390625,2532944,0.0017155132209885071
2024-02-13,896.5123291015625,2698960,0.026486983002274478
2024-02-14,877.168212890625,2925047,-0.02157707773001083
2024-02-15,861.6130981445312,1124585,-0.01773333155203305
2024-02-16,862.9591674804688,1395652,0.0015622665658592272
2024-02-19,840.3245239257812,1320301,-0.026229101454211978
2024-02-20,863.6572265625,1054960,0.02776629977156242
2024-02-21,851.5919799804688,1213900,-0.013969948042990343
2024-02-22,855.4309692382812,1174562,0.00450801480998031
2024-02-23,849.4482421875,2527769,-0.006993816293684785
2024-02-26,832.6964721679688,2707416,-0.01972076600734618
2024-02-27,847.4539794921875,3834883,0.017722552955937054
2024-02-28,849.0991821289062,2578836,0.001941347467274479
2024-02-29,791.0667114257812,12329497,-0.06834592698302089
2024-03-01,734.629638671875,20868068,-0.07134300045591191
2024-03-04,745.2490234375,10277103,0.014455426525975312
2024-03-05,727.79931640625,9897323,-0.02341459898969378
2024-03-06,757.3141479492188,4664547,0.04055353018014363
2024-03-07,747.9910888671875,2207414,-0.01231068917341338
2024-03-11,763.3965454101562,4521321,0.020595775500881874
2024-03-12,765.7896118164062,1566168,0.0031347619014496786
2024-03-13,742.3074340820312,2367867,-0.030664006630589657
2024-03-14,730.2422485351562,2699327,-0.016253623489296376
2024-03-15,724.8578491210938,2386791,-0.007373442751173909
2024-03-18,728.3477783203125,3704848,0.004814639454412184
2024-03-19,732.7350463867188,1457609,0.006023589550206321
2024-03-20,755.6688232421875,3098570,0.03129886712606478
2024-03-21,746.6448974609375,3171469,-0.011941640972473855
2024-03-22,736.9229736328125,3277615,-0.013020813322619174
2024-03-26,773.1185302734375,4356667,0.04911715055128707
2024-03-27,799.990966796875,4521190,0.034758494941174556
2024-03-28,817.540283203125,2915768,0.021936893208327923
2024-04-01,814.8978881835938,1288099,-0.003232128219025854
2024-04-02,819.1854858398438,1445651,0.005261515238193848
2024-04-03,816.8423461914062,1159122,-0.0028603285689751123
2024-04-04,820.1826171875,920610,0.004089248080327845
2024-04-05,802.58349609375,1332077,-0.021457564114318095
2024-04-08,818.1884155273438,945713,0.019443359487884226
2024-04-09,826.015869140625,1047058,0.009566810608331977
2024-04-10,861.8623657226562,1499624,0.04339686187787817
2024-04-12,867.94482421875,2913519,0.007057343188426213
2024-04-15,830.9515380859375,1235862,-0.04262170255593234
2024-04-16,815.5958862304688,1607447,-0.018479599774061217
2024-04-18,775.860595703125,2900471,-0.04871933662023831
2024-04-19,770.6256713867188,1911786,-0.006747248597748556
2024-04-22,755.8682861328125,2700907,-0.019149874967636094
2024-04-23,758.410888671875,2056157,0.003363816931744923
2024-04-24,808.6658935546875,3118514,0.06626355928356831
2024-04-25,801.1376342773438,1069386,-0.009309480389053437
2024-04-26,800.8883666992188,804242,-0.00031114201537896236
2024-04-29,835.6879272460938,4253996,0.04345119993476487
2024-04-30,837.8815307617188,1493625,0.0026249075092585894
2024-05-02,812.5546875,1579718,-0.030227236586411133
2024-05-03,811.1088256835938,3294764,-0.0017794024681031528
2024-05-06,828.957275390625,787489,0.02200499999736638
2024-05-07,802.8826293945312,912895,-0.03145475257914432
2024-05-08,801.7857666015625,1299505,-0.0013661558399836737
2024-05-09,793.8587036132812,4796746,-0.00988675942936823
2024-05-10,809.0647583007812,674652,0.019154611038827207
2024-05-13,798.2459716796875,4016172,-0.013371966224082765
2024-05-14,812.5546875,2792747,0.017925196403063337
2024-05-15,827.1126708984375,1209042,0.017916312123222422
2024-05-16,846.6063842773438,1106386,0.023568389247055732
2024-05-17,839.3772583007812,664703,-0.00853894573773295
2024-05-21,832.5968017578125,1889743,-0.008077960745201729
2024-05-22,835.8873291015625,2535401,0.0039521258510757384
2024-05-23,800.73876953125,2188356,-0.04204939870076896
2024-05-24,787.1280517578125,1476510,-0.01699770048776983
2024-05-27,801.885498046875,1613902,0.01874846952297804
2024-05-28,789.6707153320312,1311648,-0.015232577150472104
2024-05-29,786.729248046875,1720200,-0.0037249289204291935
2024-05-30,778.453125,1858632,-0.01051965853236192
2024-05-31,749.63623046875,5523537,-0.037018149976917325
2024-06-03,762.9976806640625,1961060,0.017823911988562147
2024-06-04,778.5029907226562,3974176,0.020321569057849542
2024-06-05,819.883544921875,2613903,0.05315400800298353
2024-06-06,827.7109375,1354996,0.009546956548409424
2024-06-07,824.7195434570312,1112638,-0.003614056438596691
2024-06-10,809.4137573242188,1813265,-0.018558777046381425
2024-06-11,800.1903686523438,2174198,-0.011395146905293418
2024-06-12,867.9946899414062,6539603,0.08473523794501103
2024-06-13,887.4884033203125,3746631,0.022458332527612868
2024-06-14,925.2294921875,3458123,0.04252572622469075
2024-06-18,900.4509887695312,937534,-0.026780926923746784
2024-06-19,897.3599243164062,1972290,-0.0034327958897006905
2024-06-20,932.109619140625,1973607,0.03872436675918034
2024-06-21,925.5784301757812,3933171,-0.007006889351560686
2024-06-24,895.2659301757812,1541108,-0.03274979084618812
2024-06-25,890.8786010742188,914901,-0.004900587583737348
2024-06-26,876.9189453125,1893147,-0.015669537628231534
2024-06-27,918.1000366210938,4279455,0.04696111485414245
2024-06-28,937.9428100585938,1943891,0.021612866404545406
2024-07-01,953.0491333007812,998066,0.016105804192095396
2024-07-02,910.4719848632812,4247648,-0.04467466256439345
2024-07-03,919.8948364257812,1316052,0.010349414061229911
2024-07-04,915.1585693359375,721831,-0.005148704941367321
2024-07-05,911.1700439453125,1337555,-0.004358288852083003
2024-07-08,923.7337646484375,2148540,0.013788557675496804
2024-07-09,915.0089721679688,1856257,-0.009445137564923045
2024-07-10,904.93798828125,1592036,-0.011006431841708797
2024-07-11,894.7673950195312,2215017,-0.011238994708395178
2024-07-12,897.9083251953125,825677,0.003510331504326558
2024-07-15,918.5487060546875,1455119,0.02298718062880778
2024-07-16,918.3493041992188,960167,-0.00021708359519134746
2024-07-18,931.8602905273438,1914995,0.014712251935451004
2024-07-19,917.8009643554688,1101792,-0.015087375559182603
2024-07-22,927.62255859375,1229668,0.010701224578880897
2024-07-23,932.4087524414062,1061114,0.005159635029695631
2024-07-24,944.8727416992188,1342456,0.013367516365732302
2024-07-25,923.7836303710938,862331,-0.02231952557992012
2024-07-26,945.7702026367188,909751,0.023800564918857514
2024-07-29,931.41162109375,1100907,-0.01518189249665336
2024-07-30,915.4078369140625,988389,-0.017182289566984754
2024-07-31,919.5957641601562,813478,0.004574930514263054
2024-08-01,921.3406372070312,701804,0.001897434845699264
2024-08-02,913.662841796875,813314,-0.00833328640906461
2024-08-05,863.2583618164062,1300858,-0.05516748375291225
2024-08-06,861.0148315429688,1719713,-0.0025989094026460657
2024-08-07,852.140380859375,2338430,-0.010306966103813098
2024-08-08,872.431884765625,1490179,0.023812395659253083
2024-08-09,880.6581420898438,304440,0.00942911127833046
2024-08-12,868.1442260742188,630879,-0.014209731810267301
2024-08-13,865.8009643554688,883102,-0.0026991617848410865
2024-08-14,867.49609375,1889274,0.0019578742278176797
2024-08-16,882.6025390625,785855,0.017413848225181106
2024-08-19,872.032958984375,390349,-0.011975469829660801
2024-08-20,875.0243530273438,425103,0.0034303680980736218
2024-08-21,865.0032958984375,647192,-0.011452317977478144
2024-08-22,865.8507690429688,589973,0.0009797340062744908
2024-08-23,851.9668579101562,915786,-0.01603499312954182
2024-08-26,859.8577270507812,1606807,0.009261943780279225
2024-08-27,853.3153076171875,808632,-0.0076087231966077695
2024-08-28,864.8020629882812,2209821,0.013461325806013669
2024-08-29,865.5511474609375,747326,0.0008661918197416796
2024-08-30,861.4559326171875,2575591,-0.004731337779128597
2024-09-02,880.9334716796875,1664452,0.02261002371105092
2024-09-03,870.7951049804688,1429045,-0.011508663281788789
2024-09-04,880.1343994140625,1517929,0.010725019445077422
2024-09-05,884.4793701171875,2118993,0.004936712740710503
2024-09-06,897.5142822265625,1762540,0.014737383990819364
2024-09-09,881.3829345703125,1456256,-0.017973360397375737
2024-09-10,877.7371215820312,1200151,-0.004136468775695845
2024-09-11,875.9891357421875,1174280,-0.001991468512455241
2024-09-12,912.7467041015625,3313064,0.041961214882227926
2024-09-13,906.9534301757812,1781839,-0.006347077343307084
2024-09-16,929.9268798828125,1607286,0.025330352080567886
2024-09-17,963.5880737304688,3214818,0.03619767809260255
2024-09-18,961.840087890625,1194052,-0.0018140384750472416
2024-09-19,983.7147827148438,2078476,0.02274254847517465
2024-09-20,1066.718994140625,9930210,0.08437833087829305
2024-09-23,1052.98486328125,2106105,-0.01287511606600722
2024-09-24,1029.21240234375,5117353,-0.0225762608433151
2024-09-25,988.7090454101562,4808811,-0.039353739657002174
2024-09-26,996.2003784179688,3734695,0.007576883252549571
2024-09-27,993.6033935546875,3754632,-0.0026068900590114907
2024-09-30,984.61376953125,2911879,-0.009047497302999807
2024-10-01,969.0817260742188,1331140,-0.01577475751169488
2024-10-03,941.0640869140625,4576130,-0.028911533884408924
2024-10-04,925.2822265625,4535448,-0.016770229117247903
2024-10-07,915.34375,1939023,-0.010741021795503736
2024-10-08,954.7482299804688,5189872,0.04304883272592264
2024-10-09,961.1907958984375,2113304,0.006747921300781723
2024-10-10,951.2522583007812,861912,-0.010339817692871844
2024-10-11,938.7167358398438,511823,-0.01317791611168384
2024-10-14,946.1581420898438,390147,0.007927211655966104
2024-10-15,967.8831176757812,1248161,0.022961252056608705
2024-10-16,963.088623046875,980164,-0.004953588446112711
2024-10-17,936.169677734375,913329,-0.0279506419952692
2024-10-18,936.3195190429688,1130741,0.0001600578529272756
2024-10-21,950.3533325195312,1750064,0.01498827397180258
2024-10-22,922.1359252929688,2961005,-0.02969149079716893
2024-10-23,913.1463012695312,2094338,-0.009748697319846289
2024-10-24,905.1055908203125,2265093,-0.0088055007593415
2024-10-25,936.9188232421875,1472612,0.03514864204191048
2024-10-28,966.88427734375,1766407,0.0319829779893499
2024-10-29,993.3536987304688,1829755,0.027375997321454237
2024-10-30,991.2061767578125,1435812,-0.0021618905485536466
2024-10-31,1016.4270629882812,1763920,0.025444641913920485
2024-11-01,1006.388671875,85775,-0.00987615489474325
2024-11-04,1035.4051513671875,4668492,0.028832279518932857
2024-11-05,1043.3958740234375,1983513,0.007717483968182615
2024-11-06,1078.6552734375,1851836,0.033792925860535394
2024-11-07,1077.506591796875,1932495,-0.0010649200619622379
2024-11-08,1078.0059814453125,795545,0.00046346783605732966
2024-11-11,1023.8185424804688,2272381,-0.05026636205876445
2024-11-12,1029.511962890625,2388597,0.005560966298151282
2024-11-13,1000.7451782226562,2268100,-0.02794215677416556
2024-11-14,1005.0901489257812,1048104,0.004341735336503616
2024-11-18,998.697509765625,2909039,-0.006360264466812815
2024-11-19,996.64990234375,742789,-0.002050277888802965
2024-11-21,989.0087280273438,1049531,-0.007666859042916752
2024-11-22,998.7974243164062,1895207,0.00989748220785347
2024-11-25,970.6299438476562,4346421,-0.028201394780356326
2024-11-26,984.61376953125,986550,0.014406958874729092
2024-11-27,1004.9902954101562,2231913,0.02069494304208952
2024-11-28,975.7239990234375,1957971,-0.02912097412321235
2024-11-29,978.6207275390625,2495600,0.002968799085114382
2024-12-02,1018.0252685546875,1671142,0.04026538566653448
2024-12-03,1033.15771484375,2589669,0.0148645095131541
2024-12-04,1063.0233154296875,2239101,0.02890710697587373
2024-12-05,1095.6357421875,3906338,0.030678938349183893
2024-12-06,1094.8865966796875,1100362,-0.0006837541702653382
2024-12-09,1115.6624755859375,1499766,0.01897537057194243
2024-12-10,1115.8623046875,2260671,0.00017911250574020876
2024-12-11,1130.8948974609375,4400116,0.013471727389919641
2024-12-12,1166.35400390625,3466683,0.03135490886458547
2024-12-13,1178.68994140625,2793424,0.01057649517958148
2024-12-16,1183.4344482421875,1482018,0.004025237400666182
2024-12-17,1207.3568115234375,2408104,0.020214354345340357
2024-12-18,1191.924560546875,2550592,-0.012781847776292543
2024-12-19,1179.3389892578125,2910694,-0.010559033436888021
2024-12-20,1163.85693359375,3690684,-0.013127740034954427
2024-12-23,1139.78466796875,1120494,-0.020683182726479843
2024-12-24,1137.7371826171875,750823,-0.0017963790960721093
2024-12-26,1154.3677978515625,681936,0.014617273205503212
2024-12-27,1125.1016845703125,767182,-0.025352503193278864
2024-12-30,1160.760498046875,2095498,0.03169385840016847
2024-12-31,1126.8497314453125,1024195,-0.029214266559399293
2025-01-01,1138.286376953125,288372,0.010149219712857205
2025-01-02,1158.013671875,549223,0.017330695790877648
2025-01-03,1176.9918212890625,2301740,0.016388536573436197
2025-01-06,1151.8707275390625,1250365,-0.02134347350220911
2025-01-07,1196.96875,1976892,0.03915198240803286
2025-01-08,1201.8131103515625,2659177,0.0040471903310446145
2025-01-09,1207.2069091796875,1851938,0.004488051246626101
2025-01-10,1148.5745849609375,1033126,-0.04856857906702294
2025-01-13,1081.2022705078125,2265175,-0.05865732651172695
2025-01-14,1083.6495361328125,1739436,0.002263466967980632
2025-01-15,1037.8524169921875,4749303,-0.04226192843127108
2025-01-16,1048.73974609375,1656965,0.010490247865024172
2025-01-17,1025.4666748046875,2750545,-0.022191464923254745
2025-01-20,1063.672607421875,2656505,0.037257117716150256
2025-01-21,1076.9571533203125,2450803,0.01248931842913259
2025-01-22,1065.1708984375,1569733,-0.010944033238903583
2025-01-23,1081.601806640625,1467332,0.015425607503197325
2025-01-24,1054.5330810546875,756024,-0.025026516616138972
2025-01-27,1028.7628173828125,702909,-0.024437605737414048
2025-01-28,1020.472412109375,2125229,-0.008058616751457248
2025-01-29,1023.8185424804688,1074681,0.0032790013050691957
2025-01-30,1042.6468505859375,3974586,0.018390278476352107
2025-01-31,1060.0267333984375,2955047,0.01666900235945956
2025-02-01,1106.9725341796875,1484218,0.044287374367193655
2025-02-03,1143.68017578125,2635417,0.033160390586171484
2025-02-04,1172.946533203125,2429222,0.02558963427155936
2025-02-05,1168.3516845703125,1565195,-0.003917355568002545
2025-02-06,1124.452392578125,1003312,-0.0375736968345558
2025-02-07,1141.8822021484375,1906494,0.015500709221090148
2025-02-10,1070.614501953125,3230751,-0.06241248008001454
2025-02-11,1018.7743530273438,7134442,-0.04842092913108231
2025-02-12,1003.641845703125,7802242,-0.014853639846008737
2025-02-13,1000.4954833984375,2877673,-0.003134945317553206
2025-02-14,1002.4931640625,3192821,0.0019966913366533667
2025-02-17,1013.4805297851562,2499429,0.01096004054344979
2025-02-18,1037.0032958984375,3381321,0.023209884572985118
2025-02-19,1018.3248901367188,1751070,-0.01801190587879109
2025-02-20,1030.66064453125,1900045,0.012113770874121688
2025-02-21,1009.0855712890625,926535,-0.02093324641497296
2025-02-24,986.811279296875,1840297,-0.022073739458719155
2025-02-25,1021.7210083007812,2747013,0.03537629710594725
2025-02-27,1014.9287719726562,3750612,-0.006647838571334774
2025-02-28,976.9725952148438,3484870,-0.03739787244777715
2025-03-03,972.6775512695312,2695279,-0.004396278837655587
2025-03-04,987.3106689453125,2637232,0.015044160993211264
2025-03-05,1020.72216796875,3569080,0.03384091763044461
2025-03-06,998.7474975585938,2676754,-0.021528552136656498
2025-03-07,979.6195678710938,1323765,-0.01915191751094003
2025-03-10,963.1884765625,2613900,-0.016772930888162785
2025-03-11,982.1666259765625,1479746,0.019703463938639754
2025-03-12,988.6091918945312,2239455,0.00655954473260878
2025-03-13,989.55810546875,1963406,0.0009598470072893495
2025-03-17,996.7498168945312,1751252,0.007267598927275243
2025-03-18,996.7498168945312,0,0.0
2025-03-19,1086.196533203125,2753959,0.08973838248325294
2025-03-20,1134.540771484375,4225204,0.044507818616108086
2025-03-21,1168.901123046875,5814033,0.030285691291239036
2025-03-24,1144.9288330078125,2773097,-0.020508398500444613
2025-03-25,1171.398193359375,2312993,0.02311878222336805
2025-03-26,1121.256103515625,1809235,-0.04280533308656631
2025-03-27,1128.0982666015625,2435413,0.0061022304043512055
2025-03-28,1095.685546875,1990409,-0.028732177582549645
2025-04-01,1082.3509521484375,1308510,-0.012170092746585981
2025-04-02,1093.4881591796875,873303,0.010289829753596047
2025-04-03,1120.007568359375,1442279,0.02425212285753675
2025-04-04,1136.3387451171875,3280000,0.014581309286806787
2025-04-07,1074.2603759765625,3917172,-0.05463016147902533
2025-04-08,1072.212646484375,3121751,-0.0019061761356747864
2025-04-09,1121.85546875,2739663,0.04629941870989529
2025-04-11,1088.04443359375,3025861,-0.030138494750953204
2025-04-15,1072.8619384765625,4024878,-0.013953929314302504
2025-04-16,1076.258056640625,1947807,0.003165475484091518
2025-04-17,1083.150146484375,2992562,0.006403752149612307
2025-04-21,1071.76318359375,2070163,-0.010512820339436901
2025-04-22,1127.39892578125,3872495,0.05191048082184224
2025-04-23,1128.2979736328125,1944908,0.0007974531738528245
2025-04-24,1107.1224365234375,1802546,-0.018767681591411067
2025-04-25,1066.169677734375,2532226,-0.0369902708481471
2025-04-28,1098.5323486328125,2000264,0.030354146787600067
2025-04-29,1106.1236572265625,1483430,0.006910409696353259
2025-04-30,1096.93408203125,2112594,-0.008307909459557172
2025-05-02,1085.7470703125,1083528,-0.01019843571460044
2025-05-05,1130.3955078125,2847994,0.04112231911171471
2025-05-06,1154.6676025390625,5109749,0.021472214423014613
2025-05-07,1150.672119140625,1389882,-0.0034602888222130535
2025-05-08,1110.5185546875,1621270,-0.03489574813293772
2025-05-09,1126.400146484375,2242389,0.014301059383329262
2025-05-12,1158.5631103515625,2466795,0.028553763924455966
2025-05-13,1170.649169921875,1325278,0.01043193889251759
2025-05-14,1175.2437744140625,1476973,0.003924834707305314
2025-05-15,1185.1324462890625,3798282,0.008414145295030595
2025-05-16,1165.7547607421875,932452,-0.016350649758641977
2025-05-19,1186.630615234375,2197092,0.017907586737108128
2025-05-20,1163.357421875,3803892,-0.019612837441226993
2025-05-21,1140.7835693359375,2080995,-0.019404055980216217
2025-05-22,1146.87646484375,1302948,0.0053409741090146845
2025-05-23,1175.7431640625,1221229,0.025169841830072537
2025-05-26,1172.7467041015625,1047297,-0.0025485667725116956
2025-05-27,1158.063720703125,1530237,-0.012520165989028387
2025-05-28,1147.6756591796875,1271583,-0.00897019856310699
2025-05-29,1133.8914794921875,1437093,-0.012010518457237662
2025-05-30,1123.9029541015625,3302191,-0.008809066450608083
2025-06-02,1150.2725830078125,1633598,0.02346254968902506
2025-06-03,1137.5872802734375,1298389,-0.011028084057436716
2025-06-04,1147.2760009765625,1300977,0.008516903160868727
2025-06-05,1136.0889892578125,1294519,-0.00975093326211618
2025-06-06,1166.8533935546875,1026507,0.02707922054325418
2025-06-09,1193.2230224609375,1363561,0.022598922068451044
2025-06-10,1181.136962890625,959783,-0.01012891919013248
2025-06-11,1185.731689453125,1692374,0.003890087861830427
2025-06-12,1200.814208984375,3523948,0.012720010492598188
2025-06-13,1231.3790283203125,2935076,0.025453412449031987
2025-06-16,1245.3629150390625,1884937,0.011356281370022092
2025-06-17,1225.385986328125,1940493,-0.016041049937889684
2025-06-18,1180.337890625,1800017,-0.036762372187813086
2025-06-19,1161.6595458984375,1791898,-0.015824574365457478
2025-06-20,1212.4010009765625,2991004,0.04368014299652745
2025-06-23,1188.828125,1344872,-0.01944313470343151
2025-06-24,1196.9188232421875,1627319,0.0068056080370637595
2025-06-25,1237.5718994140625,2283980,0.03396477303427714
2025-06-26,1265.0401611328125,4025154,0.02219528556826078
2025-06-27,1277.825439453125,9937898,0.010106618519418076
2025-06-30,1274.529296875,1890046,-0.0025794936274986524
2025-07-01,1278.2249755859375,2067169,0.0028996420247058285
2025-07-02,1283.319091796875,1534237,0.003985304862786254
2025-07-03,1299.9000244140625,2615624,0.012920350615193588
2025-07-04,1298.199951171875,1062360,-0.0013078492270617303
2025-07-07,1299.5999755859375,639489,0.0010784351153292349
2025-07-08,1295.699951171875,1351691,-0.0030009422032376554
2025-07-09,1247.4000244140625,1996494,-0.037277092365503584
2025-07-10,1251.5999755859375,1822565,0.0033669641571858477
2025-07-11,1219.199951171875,2348913,-0.025886884824278145
2025-07-14,1249.5999755859375,1968679,0.024934404225363194
2025-07-15,1261.0999755859375,824627,0.009202945122184225
2025-07-16,1266.199951171875,1352972,0.004044069213123169
2025-07-17,1243.5999755859375,1238628,-0.017848662499963863
2025-07-18,1215.699951171875,2382955,-0.022434886588765912
2025-07-21,1218.199951171875,1633631,0.002056428477758887
2025-07-22,1218.800048828125,1896694,0.0004926101463660348
2025-07-23,1255.4000244140625,1364458,0.030029516015468216
2025-07-24,1267.4000244140625,2393751,0.009558706202511758
2025-07-25,1280.5,3090257,0.01033610173078059
2025-07-28,1257.4000244140625,2930792,-0.018039809126073836
2025-07-29,1274.300048828125,1643450,0.013440451794120012
2025-07-30,1264.5999755859375,875446,-0.007612079471477573
2025-07-31,1246.0,2265597,-0.014708189107246694
2025-08-01,1246.0,932679,0.0
2025-08-04,1250.4000244140625,718743,0.0035313197544641906
2025-08-05,1273.9000244140625,1607681,0.01879398555755163
2025-08-06,1271.0999755859375,1095951,-0.002198013010803468
2025-08-07,1265.9000244140625,2365386,-0.004090906515420212
2025-08-08,1245.300048828125,548971,-0.01627298774677921
2025-08-11,1263.300048828125,807096,0.014454347783041221
2025-08-12,1260.5999755859375,740292,-0.0021373174525657346
2025-08-13,1267.0999755859375,3268236,0.005156274889644319
2025-08-14,1220.699951171875,5657114,-0.036619071350392884
2025-08-18,1211.5999755859375,2557331,-0.0074547193822703806
2025-08-19,1229.4000244140625,2076532,0.014691357862991694
2025-08-20,1225.5999755859375,1779980,-0.0030909783249241096
2025-08-21,1250.0999755859375,2051298,0.019990209275491333
2025-08-22,1234.699951171875,1488893,-0.012319034249116179
2025-08-25,1221.4000244140625,1637753,-0.010771788518489256
2025-08-26,1183.4000244140625,4500351,-0.03111183825154218
2025-08-28,1160.199951171875,4412704,-0.019604590809159883
2025-08-29,1154.300048828125,1977662,-0.00508524615760475
2025-09-01,1181.199951171875,1720121,0.023304081439708302
2025-09-02,1161.800048828125,3028687,-0.016423893621484886
2025-09-03,1162.0,1922382,0.00017210463373329432
2025-09-04,1160.199951171875,1797984,-0.001549095377043841
2025-09-05,1170.0,1271671,0.00844686195532618
2025-09-08,1149.5999755859375,1316394,-0.01743591830261748
2025-09-09,1152.9000244140625,1790082,0.002870606209297355
2025-09-10,1180.699951171875,3661895,0.024113042041040256
2025-09-11,1179.300048828125,1837622,-0.0011856546130628587
2025-09-12,1184.199951171875,2487969,0.004154924226976053
2025-09-15,1175.4000244140625,2376299,-0.007431115622918427
2025-09-16,1158.699951171875,4075700,-0.014207991233037842
2025-09-17,1153.800048828125,4160131,-0.004228793087282301
2025-09-18,1173.4000244140625,3746782,0.01698732428191918
2025-09-19,1159.699951171875,4839925,-0.011675535160337702
2025-09-22,1171.5999755859375,3370928,0.010261295951627503
2025-09-23,1157.0,4729220,-0.012461570408138445
2025-09-24,1133.199951171875,3419746,-0.02057048299751507
2025-09-25,1137.699951171875,5022322,0.003971055589392147
2025-09-26,1123.4000244140625,2327943,-0.012569154760956991
2025-09-29,1112.0,48051997,-0.01014778722299603
2025-09-30,1114.699951171875,5570839,0.002428013643772431
2025-10-01,1113.199951171875,3266312,-0.0013456535980135298
2025-10-03,1069.199951171875,5969792,-0.03952569343331436
2025-10-06,1139.699951171875,8494611,0.06593715228169428
2025-10-07,1130.699951171875,3577437,-0.007896815289625936
2025-10-08,1144.4000244140625,3169556,0.01211645337738676
2025-10-09,1155.800048828125,3052853,0.009961573025917492
2025-10-10,1156.4000244140625,2722755,0.0005190998101667343
2025-10-13,1143.300048828125,2376338,-0.011328238766317167
2025-10-14,1161.5,1965357,0.015918788064891443
2025-10-15,1155.800048828125,1762144,-0.004907405227615125
2025-10-16,1175.300048828125,2364667,0.016871430330679837
2025-10-17,1202.699951171875,5239734,0.02331311257161106
2025-10-20,1209.5999755859375,2133962,0.005737112076324102
2025-10-21,1204.0,131329,-0.004629609539488322
2025-10-23,1211.0,2981438,0.005813953488372103
2025-10-24,1184.0999755859375,858989,-0.02221306722878824
2025-10-27,1186.4000244140625,979181,0.0019424447897542496
2025-10-28,1179.699951171875,1810857,-0.005647398098711731
2025-10-29,1189.5,1516489,0.008307238479064116
2025-10-30,1178.5,1187989,-0.009247583018074823
2025-10-31,1147.800048828125,4276918,-0.026050022207785295
2025-11-03,1145.9000244140625,1669607,-0.0016553618515720014
2025-11-04,1138.4000244140625,2176888,-0.0065450736017175215
2025-11-06,1125.4000244140625,2545462,-0.011419535946242787
2025-11-07,1135.300048828125,1796900,0.008796893726048083
2025-11-10,1098.0,1933973,-0.03285479364387123
2025-11-11,1095.4000244140625,1779188,-0.002367919477174407
2025-11-12,1103.5999755859375,4463966,0.00748580517538433
2025-11-13,1098.0,1468268,-0.005074280273487997
2025-11-14,1103.0999755859375,1658556,0.00464478650813982
2025-11-17,1121.5999755859375,5102278,0.016770918692272874
2025-11-18,1116.699951171875,5778653,-0.004368780778104653
2025-11-19,1164.4000244140625,5964536,0.0427152102873567
2025-11-20,1168.9000244140625,2784798,0.00386465124153923
2025-11-21,1181.0999755859375,2258525,0.01043712115412987
2025-11-24,1155.800048828125,2825309,-0.021420647939020876
2025-11-25,1158.0999755859375,1966712,0.0019899002082102157
2025-11-26,1162.5999755859375,1121189,0.0038856748941067387
2025-11-27,1161.800048828125,1423021,-0.0006880498663431878
2025-11-28,1162.800048828125,1637243,0.0008607333086347868
2025-12-01,1125.4000244140625,3436348,-0.03216376233536833
2025-12-02,1117.5,2206424,-0.0070197478609222985
2025-12-03,1086.0,3801039,-0.028187919463087296
2025-12-04,1083.9000244140625,3037781,-0.0019336791767380346
2025-12-05,1097.4000244140625,1799777,0.012455023245615093
2025-12-08,1079.4000244140625,3014602,-0.016402405321259916
2025-12-09,1074.699951171875,2945816,-0.004354338647285849
2025-12-10,1077.0999755859375,2353780,0.0022332041714949735
2025-12-11,1087.9000244140625,1209344,0.010026969708405886
2025-12-12,1081.300048828125,2245724,-0.006066711497218935
2025-12-15,1085.4000244140625,1632124,0.0037917094245774052
2025-12-16,1073.0,1444588,-0.011424381919243554
2025-12-17,1031.0999755859375,4268035,-0.03904941697489517
2025-12-18,1048.5,5152758,0.016875205921884184
2025-12-19,1075.800048828125,3285719,0.026037242563781593
2025-12-22,1077.5999755859375,2093527,0.0016731052947740466
2025-12-23,1075.199951171875,1304615,-0.0022271941986241606
2025-12-24,1081.4000244140625,1033268,0.00576643742908467
2025-12-26,1074.300048828125,1266460,-0.00656554043429447
2025-12-29,1064.0999755859375,1406148,-0.009494622338809378
2025-12-30,1040.800048828125,11581446,-0.021896369976874164
2025-12-31,1045.0999755859375,1426506,0.004131366791012336
